{
    "sentimen": {
        "accuracy": 0.8594070482938654,
        "precision": 0.8358741023048404,
        "recall": 0.8449161306547492,
        "f1_score": 0.8400658546918898
    },
    "aspek": {
        "accuracy": 0.9539143279172821,
        "precision": 0.9459375763147336,
        "recall": 0.953912097728488,
        "f1_score": 0.949729715655871
    }
}